row_id,minor,major,critical,penalty,verdict
R096,0,0,0,0,PASS
R064,0,0,0,0,PASS
R049,0,0,0,0,PASS
R002,0,0,0,0,PASS
R097,1,0,0,1,PASS
R129,0,0,0,0,PASS
R068,0,0,0,0,PASS
R133,0,0,0,0,PASS
R061,0,0,0,0,PASS
R044,0,0,0,0,PASS
R126,0,0,0,0,PASS
R073,0,0,0,0,PASS
R173,0,0,0,0,PASS
R095,0,0,0,0,PASS
R120,0,0,0,0,PASS
R013,0,0,0,0,PASS
R115,0,0,0,0,PASS
R108,0,0,0,0,PASS
R012,0,0,0,0,PASS
R100,0,0,0,0,PASS
R166,0,0,0,0,PASS
R042,0,1,0,5,FAIL
R136,0,0,0,0,PASS
R020,0,0,0,0,PASS
R132,0,0,0,0,PASS
R117,0,0,0,0,PASS
R135,0,0,0,0,PASS
R040,0,0,0,0,PASS
R077,0,0,0,0,PASS
R035,0,0,0,0,PASS
R053,0,0,0,0,PASS
R024,0,0,0,0,PASS
R010,0,0,0,0,PASS
R180,0,0,0,0,PASS
R121,1,0,0,1,PASS
R029,0,0,0,0,PASS
R027,0,0,0,0,PASS
R103,0,0,0,0,PASS
R140,0,0,0,0,PASS
R178,0,0,0,0,PASS
R018,0,0,0,0,PASS
R014,0,0,0,0,PASS
R152,0,0,0,0,PASS
R163,0,0,0,0,PASS
R051,0,0,0,0,PASS
R105,0,0,0,0,PASS
R090,0,0,0,0,PASS
R060,1,0,0,1,PASS
R084,1,0,0,1,PASS
R041,0,0,0,0,PASS
R030,0,0,0,0,PASS
R086,1,0,0,1,PASS
R130,0,0,0,0,PASS
R036,0,0,0,0,PASS
R175,0,0,0,0,PASS
R137,0,0,0,0,PASS
R083,1,0,0,1,PASS
R111,0,0,0,0,PASS
R072,1,0,0,1,PASS
R023,0,0,0,0,PASS
R028,0,0,0,0,PASS
R063,0,0,0,0,PASS
R016,0,0,0,0,PASS
R155,1,0,0,1,PASS
R094,0,0,0,0,PASS
R156,0,0,0,0,PASS
R025,0,0,0,0,PASS
R058,1,0,0,1,PASS
R022,0,0,0,0,PASS
R003,0,0,0,0,PASS
R165,0,0,0,0,PASS
R069,0,0,0,0,PASS
R055,0,0,0,0,PASS
R099,0,0,0,0,PASS
R057,2,0,0,2,PASS
R008,0,0,0,0,PASS
R148,0,0,0,0,PASS
R101,0,0,0,0,PASS
R032,1,0,0,1,PASS
R091,0,0,0,0,PASS
R076,0,0,0,0,PASS
R009,0,0,0,0,PASS
R005,0,0,0,0,PASS
R113,0,0,0,0,PASS
R006,0,0,0,0,PASS
R154,0,0,0,0,PASS
R123,1,0,0,1,PASS
R125,0,0,0,0,PASS
R038,0,0,0,0,PASS
R089,0,0,0,0,PASS
R114,1,0,0,1,PASS
R046,0,0,0,0,PASS
R167,0,0,0,0,PASS
R127,0,0,0,0,PASS
R157,0,1,0,5,FAIL
R139,0,0,0,0,PASS
R169,0,0,0,0,PASS
R131,0,0,0,0,PASS
R124,0,0,0,0,PASS
R019,0,0,0,0,PASS
R179,0,0,0,0,PASS
R170,0,0,0,0,PASS
R106,0,0,0,0,PASS
R116,0,0,0,0,PASS
R093,0,0,0,0,PASS
R122,0,0,0,0,PASS
R119,1,0,0,1,PASS
R102,1,0,0,1,PASS
R033,0,1,0,5,FAIL
R021,0,0,0,0,PASS
R160,0,0,0,0,PASS
R079,0,0,0,0,PASS
R007,0,0,0,0,PASS
R050,0,0,0,0,PASS
R138,0,0,0,0,PASS
R092,0,0,0,0,PASS
R037,0,0,0,0,PASS
R034,0,0,0,0,PASS
R048,0,0,0,0,PASS
R098,0,0,0,0,PASS
R078,0,0,0,0,PASS
R171,0,0,0,0,PASS
R011,0,0,0,0,PASS
R031,0,0,0,0,PASS
R066,0,0,0,0,PASS
R074,0,0,0,0,PASS
R047,0,0,0,0,PASS
R143,0,0,0,0,PASS
R142,0,0,0,0,PASS
R153,1,0,0,1,PASS
R162,0,0,0,0,PASS
R109,0,0,0,0,PASS
R067,0,0,0,0,PASS
R147,1,0,0,1,PASS
R168,0,0,0,0,PASS
R081,0,0,0,0,PASS
R104,0,0,0,0,PASS
R056,0,0,0,0,PASS
R059,0,0,0,0,PASS
R161,0,0,0,0,PASS
R054,0,0,0,0,PASS
R065,1,0,0,1,PASS
R172,0,0,0,0,PASS
R158,0,0,0,0,PASS
R017,0,0,0,0,PASS
R082,0,0,0,0,PASS
R159,0,0,0,0,PASS
R071,0,0,0,0,PASS
R128,1,0,0,1,PASS
R145,1,0,0,1,PASS
R070,0,0,0,0,PASS
R118,1,0,0,1,PASS
R039,0,0,0,0,PASS
R080,0,0,0,0,PASS
R088,0,0,0,0,PASS
R062,1,0,0,1,PASS
R004,0,0,0,0,PASS
R174,0,0,0,0,PASS
R087,0,0,0,0,PASS
R144,0,0,0,0,PASS
R134,0,0,0,0,PASS
R001,0,0,0,0,PASS
R151,0,0,0,0,PASS
R015,0,0,0,0,PASS
R112,0,0,0,0,PASS
R176,0,0,0,0,PASS
R026,0,0,0,0,PASS
R164,0,0,0,0,PASS
R141,0,0,0,0,PASS
R045,0,0,0,0,PASS
R085,0,0,0,0,PASS
R149,0,0,0,0,PASS
R177,0,0,0,0,PASS
R146,0,0,0,0,PASS
R043,0,0,0,0,PASS
R107,0,0,0,0,PASS
R052,0,0,0,0,PASS
R110,0,0,0,0,PASS
R075,0,0,0,0,PASS
R150,0,0,0,0,PASS