row_id,category,severity,error_span,explanation_in_English
R097,Accuracy: omission,Minor,(missing),"So far is not translated, so the death toll reads as final rather than the count at the time of reporting."
R042,Accuracy: mistranslation,Major,работающих в штате,"The state here is the Vatican City State; ""в штате"" reads as ""on staff"" or as a US-style state, which distorts the meaning (R040 correctly uses ""в государстве"")."
R121,Terminology,Minor,звонок его двери,"Doorbell is rendered as an awkward calque; the standard term is ""дверной звонок""."
R060,Terminology,Minor,Уэльс,"The surname Wales (Jimmy Wales) is rendered with the Russian word for the country (Wales); the person's name is conventionally transliterated ""Уэйлс""."
R058,Terminology,Minor,Уэльс,"The surname Wales (Jimmy Wales) is rendered with the Russian word for the country (Wales); the person's name is conventionally transliterated ""Уэйлс""."
R084,Locale conventions,Minor,шести миль,"Imperial unit left unconverted for a Russian (Russia) audience, which expects metric units (about 10 km)."
R083,Locale conventions,Minor,шести миль,"Imperial unit left unconverted for a Russian (Russia) audience, which expects metric units (about 10 km)."
R072,Locale conventions,Minor,100 футов,"Imperial unit left unconverted for a Russian (Russia) audience, which expects metric units (about 30 m)."
R086,Fluency,Minor,среди молодых и людей среднего возраста,"Awkward coordination of an adjective used as a noun with a noun phrase; ""среди молодых людей и людей среднего возраста"" would be natural."
R155,Fluency,Minor,используя компьютерную терминологию,"Dangling participle: the implied subject of ""используя"" does not match the subject of the clause (""эти числа""), so the sentence reads ungrammatically."
R057,Accuracy,Minor,Лидеры турнира,"Top seeds means the highest-ranked seeded team, not tournament leaders; the translation shifts the meaning."
R057,Fluency,Minor,начали с правильной ноты,"Literal calque of the English idiom ""started on the right note""; unnatural in Russian."
R032,Accuracy,Minor,в очень тонкие формы,"Tiny shapes is rendered as ""very thin shapes""; ""tiny"" (small) is not ""thin""."
R123,Accuracy,Minor,"из его магазина, расположенного в гараже","Shop in a garage is a workshop (cf. ""мастерская""); ""магазин"" means a retail store, which slightly distorts the meaning."
R114,Fluency,Minor,"(Oravec, 2002) .",Stray space before the final period.
R157,Accuracy,Major,которые присущи,"The sentence is cut off: the end of the source (""inherent, rather than socially conditioned"") is omitted, leaving the sentence incomplete and dropping the contrast with social conditioning."
R119,Accuracy,Minor,Через два года после окончания войны,"Within two years of the end of the war means less than two years. ""Через два года"" means after two years, which shifts the timing."
R102,Accuracy,Minor,В широком смысле,"In popular use means in common usage. ""В широком смысле"" means in a broad sense, a different nuance."
R033,Fluency,Major,Золото можно придать самые разные формы,"Ungrammatical: ""придать"" requires ""золоту"" in the dative, or the sentence should be restructured (e.g. ""Золоту можно придать…"" / ""Из золота можно сделать…"")."
R153,Fluency,Minor,животных для охоты (добычу),"Awkward, redundant rendering of ""animals to eat (prey)""; the parenthetical gloss in the accusative does not fit naturally after ""животных для охоты""."
R147,Accuracy,Minor,проходящим новый этап обучения,"New learning experience is rendered as ""new stage of learning"", which slightly shifts the meaning."
R065,Accuracy,Minor,которые не встречаются в их родных регионах,Source says travellers are not familiar with these pests; the translation says the pests do not occur in their home regions.
R128,Terminology,Minor,моделей моделирования,"Tautological; ""simulation models"" is standard ""имитационные модели""."
R145,Fluency,Minor,"осваивают что-то новое, например компьютерную программу или начало нового проекта","Осваивать начало проекта is an illogical zeugma; the verb does not fit ""beginning a project""."
R118,Accuracy,Minor,Через два года после окончания войны,"Source says ""within two years of the end of the war""; ""через два года"" implies after two years."
R062,Fluency,Minor,во время которых они полулежали на боку во время еды,"Repeated ""во время"" in one clause reads awkwardly."